,0_fraction,1_fraction,blockiness,interaction_parameter,lamellar_period
0,0.6875,0.3125,-0.018181818181818188,1.0739430074,16.0363622556
1,0.71875,0.28125,-0.3913043478260869,2.05010348826,15.9598354055
2,0.84375,0.15625,-0.18518518518518523,2.83639556884,16.062957635
3,0.8125,0.1875,-0.23076923076923073,2.77873958429,15.9733700495
4,0.78125,0.21875,-0.28,1.3187154109,16.0919731948
5,0.8125,0.1875,0.17948717948717954,2.71554246223,15.7748995183
6,0.78125,0.21875,0.08571428571428574,0.749019430291,16.2990444812
7,0.71875,0.28125,-0.08212560386473433,0.507858757569,16.2387361085
8,0.40625,0.59375,-0.554655870445344,1.0226819274,15.576696799
9,0.53125,0.46875,-0.6313725490196078,1.91290056036,15.4595016053
10,0.4375,0.5625,-0.5238095238095237,1.28170117368,15.5598203524
11,0.4375,0.5625,-0.5238095238095237,2.56617480011,14.9970369478
12,0.4375,0.5625,-0.14285714285714282,1.88007433614,15.2719208512
13,0.46875,0.53125,-0.38039215686274513,2.00706683493,15.2637235704
14,0.625,0.375,-0.4666666666666666,1.77006915134,15.6256757242
15,0.46875,0.53125,-0.38039215686274513,3.28757854792,14.7815517073
16,0.53125,0.46875,-0.8823529411764706,2.43510513484,15.1861193079
17,0.53125,0.46875,-0.6313725490196078,1.38592302344,15.5817706874
18,0.59375,0.40625,-0.6842105263157895,0.729093067225,15.9181364696
19,0.5625,0.4375,-0.6507936507936508,1.83337996266,15.627591805
20,0.59375,0.40625,-0.5546558704453441,0.431855258299,16.0258093061
21,0.5625,0.4375,-0.7777777777777778,1.58412582995,15.6732549436
22,0.5,0.5,-0.75,1.67651202425,15.4577144617
23,0.59375,0.40625,-0.6842105263157895,2.75511282222,15.252253923
24,0.71875,0.28125,0.6908212560386473,0.0321020941743,16.3085468813
25,0.625,0.375,0.4666666666666668,2.53180382754,15.4468511852
26,0.65625,0.34375,0.4458874458874459,0.214652769744,16.1535549653
27,0.875,0.125,0.1428571428571429,1.21225425138,16.3412058138
28,0.375,0.625,0.6,0.925881038693,15.6118722027
29,0.6875,0.3125,0.12727272727272734,1.52400850603,15.8629331886
30,0.625,0.375,0.4666666666666668,1.6227454569,15.6328424394
31,0.46875,0.53125,0.2470588235294117,0.0703134465129,16.113188444
32,0.28125,0.71875,-0.391304347826087,0.426921694151,15.6055552994
33,0.25,0.75,-0.1666666666666667,1.17169399465,15.3453017543
34,0.3125,0.6875,-0.30909090909090914,0.211685609735,15.618093268
35,0.3125,0.6875,-0.30909090909090914,0.307045400871,15.8063738585
36,0.25,0.75,-0.3333333333333333,2.39283648966,14.9569174789
37,0.28125,0.71875,-0.23671497584541062,0.188784719485,15.6259026944
38,0.28125,0.71875,-0.23671497584541062,0.988885103116,15.4055006672
39,0.3125,0.6875,-0.16363636363636366,1.71865622251,15.2034150963
40,0.40625,0.59375,0.3522267206477734,3.21970549567,14.7587171443
41,0.34375,0.65625,0.30735930735930733,3.41644749335,14.686043206
42,0.3125,0.6875,0.2727272727272727,2.08994428611,15.2484052104
43,0.5,0.5,0.375,0.914364843508,15.6096728799
44,0.34375,0.65625,0.16883116883116886,0.0375192041264,15.7059388364
45,0.40625,0.59375,0.3522267206477734,3.03728953027,14.800269646
46,0.59375,0.40625,0.48178137651821856,0.0882279920636,16.128103396
47,0.34375,0.65625,0.30735930735930733,0.827093009446,15.5561415623
48,0.8125,0.1875,0.3846153846153846,1.02502291779,16.6561580518
49,0.875,0.125,0.1428571428571429,0.664317375963,16.5237231374
50,0.75,0.25,0.0,2.48753791546,15.7163121809
51,0.75,0.25,-0.33333333333333337,2.3849238965,15.8876597745
52,0.78125,0.21875,0.08571428571428574,0.685430238195,16.4184434686
53,0.75,0.25,0.0,2.25894332251,16.2978743343
54,0.90625,0.09375,0.26436781609195403,2.67022530869,16.5261022499
55,0.71875,0.28125,0.5362318840579711,1.10641612941,15.9498549509
56,0.75,0.25,0.33333333333333337,2.58649818689,15.7829204489
57,0.75,0.25,0.16666666666666663,3.28369202744,15.5725694116
58,0.84375,0.15625,0.5259259259259259,1.76707238672,15.8771315817
59,0.75,0.25,0.5,0.153291194788,16.4017020406
60,0.84375,0.15625,0.5259259259259259,0.753758914079,16.2402924567
61,0.875,0.125,-0.1428571428571429,3.28286746641,15.9676741798
62,0.8125,0.1875,0.3846153846153846,2.82305847065,15.9177536534
63,0.84375,0.15625,0.5259259259259259,2.35464659116,16.493136698
64,0.34375,0.65625,-0.5238095238095238,2.16740673005,15.051810496
65,0.40625,0.59375,-0.554655870445344,1.81125800022,15.2629794039
66,0.40625,0.59375,-0.4251012145748988,0.98980936241,15.6077029931
67,0.25,0.75,-0.3333333333333333,3.19883081129,14.6482593819
68,0.25,0.75,-0.3333333333333333,1.54660528247,15.2104066458
69,0.4375,0.5625,-0.5238095238095237,0.563610964105,15.7275738847
70,0.375,0.625,-0.6,2.92752005107,14.744600981
71,0.3125,0.6875,-0.16363636363636366,2.67986133084,14.9203866255
72,0.8125,0.1875,-0.02564102564102566,1.28811153743,16.341401425
73,0.71875,0.28125,0.3816425120772947,1.72732245699,15.7806808764
74,0.75,0.25,0.0,0.457637670548,16.3441672162
75,0.65625,0.34375,0.030303030303030276,1.92768401516,15.7958759035
76,0.71875,0.28125,-0.3913043478260869,3.36612970254,15.5533562654
77,0.65625,0.34375,-0.10822510822510822,1.81073856942,15.7627679835
78,0.6875,0.3125,-0.018181818181818188,1.16410593035,15.9782947901
79,0.75,0.25,0.16666666666666663,0.712105588347,16.2520089373
80,0.5,0.5,-0.625,0.0670857745623,16.0085209038
81,0.53125,0.46875,-0.7568627450980392,1.98523138579,15.4050465376
82,0.46875,0.53125,-0.5058823529411766,0.803275511259,15.6471254846
83,0.46875,0.53125,-0.7568627450980392,1.4112366105,15.5442197157
84,0.46875,0.53125,-0.7568627450980392,1.78575987808,15.368548061
85,0.53125,0.46875,-0.6313725490196078,0.325220924229,15.955173105
86,0.4375,0.5625,-0.6507936507936508,0.837236772382,15.7922373369
87,0.5,0.5,-0.5,2.05792019112,15.2885227869
88,0.625,0.375,-0.06666666666666665,1.96130077124,15.5720118475
89,0.46875,0.53125,0.37254901960784303,3.18914015329,15.2140014301
90,0.78125,0.21875,-0.28,1.58138393727,16.0558947594
91,0.75,0.25,0.33333333333333337,2.18515148718,15.91577441
92,0.59375,0.40625,-0.036437246963562764,1.69818581965,15.6155780524
93,0.59375,0.40625,0.22267206477732793,2.24320642933,15.4647975109
94,0.65625,0.34375,-0.10822510822510822,0.0731543776845,16.2690946812
95,0.625,0.375,0.06666666666666665,1.96163078708,15.5013409062
96,0.34375,0.65625,-0.3852813852813852,2.87242072219,14.7809266769
97,0.4375,0.5625,-0.39682539682539686,0.962106223102,15.5852038374
98,0.34375,0.65625,-0.24675324675324672,1.78055501156,15.2031084785
99,0.28125,0.71875,-0.391304347826087,0.863129055756,15.4684118745
100,0.375,0.625,-0.4666666666666667,1.43390086638,15.4148711425
101,0.3125,0.6875,-0.16363636363636366,1.79109683951,15.1883069174
102,0.34375,0.65625,-0.24675324675324672,1.67256569371,15.3368054016
103,0.40625,0.59375,-0.16599190283400805,0.525020455662,15.7876445706
104,0.5,0.5,-0.125,2.56037416211,15.0877218368
105,0.5,0.5,-0.25,0.297491767438,15.9512380515
106,0.5625,0.4375,-0.2698412698412699,3.0045802956,15.2734979464
107,0.65625,0.34375,0.030303030303030276,0.570443609115,16.171667028
108,0.375,0.625,-0.2,0.113591189897,15.7603056326
109,0.46875,0.53125,-0.12941176470588234,2.54909951488,15.0597106983
110,0.5625,0.4375,-0.1428571428571429,2.61928932703,15.5796958945
111,0.59375,0.40625,-0.16599190283400808,0.310116371119,16.0323536199
112,0.78125,0.21875,-0.09714285714285707,1.03285232913,16.1540346845
113,0.75,0.25,-0.33333333333333337,0.998685907746,16.147420318
114,0.75,0.25,-0.33333333333333337,0.595275647448,16.2993522949
115,0.875,0.125,-0.1428571428571429,3.34059153425,16.0358828905
116,0.8125,0.1875,-0.23076923076923073,0.275630750764,16.4362238999
117,0.71875,0.28125,-0.23671497584541057,1.21236519207,16.1019972145
118,0.71875,0.28125,-0.08212560386473433,3.31488227766,15.2240742797
119,0.84375,0.15625,-0.18518518518518523,1.87065608643,16.2461017367
120,0.6875,0.3125,0.2727272727272727,1.77507832088,16.3345747494
121,0.65625,0.34375,0.30735930735930733,2.58195131041,16.1574508932
122,0.59375,0.40625,-0.036437246963562764,2.59573911694,15.2481553419
123,0.71875,0.28125,0.07246376811594202,2.50290737125,15.8672517757
124,0.6875,0.3125,-0.018181818181818188,0.724004141069,16.1777999043
125,0.71875,0.28125,0.22705314009661837,1.37261058551,16.1651737202
126,0.6875,0.3125,-0.018181818181818188,0.0313104933287,16.245689155
127,0.625,0.375,0.33333333333333326,1.61392971107,15.6619757099
128,0.9375,0.0625,-0.06666666666666665,2.23571921539,16.4444658621
129,0.84375,0.15625,0.28888888888888886,0.430647962144,16.4476732879
130,0.875,0.125,0.1428571428571429,2.26835678966,16.6572656932
131,0.875,0.125,0.4285714285714286,0.59653560036,16.3881593585
132,0.9375,0.0625,-0.06666666666666665,0.71182389552,16.5064511976
133,0.9375,0.0625,-0.06666666666666665,0.419735664122,16.5919558311
134,0.875,0.125,0.1428571428571429,1.64066587757,16.3336917647
135,0.84375,0.15625,-0.18518518518518523,1.88420557715,16.3477682391
136,0.65625,0.34375,-0.5238095238095238,2.72332342891,15.4087341492
137,0.75,0.25,-0.33333333333333337,3.17133655584,15.5360372291
138,0.6875,0.3125,-0.4545454545454546,0.666867496157,16.1353909515
139,0.78125,0.21875,-0.09714285714285707,2.76184160327,15.7243791941
140,0.6875,0.3125,-0.3090909090909091,1.79406613176,15.7332070807
141,0.71875,0.28125,-0.3913043478260869,2.61270807872,15.5773638116
142,0.6875,0.3125,-0.4545454545454546,1.26097161811,15.9672586804
143,0.65625,0.34375,-0.5238095238095238,2.96111895994,15.2878161727
144,0.59375,0.40625,0.22267206477732793,3.03336638798,15.1049485022
145,0.6875,0.3125,-0.3090909090909091,3.36038230412,15.919914757
146,0.5625,0.4375,0.23809523809523805,1.66563117734,15.6453367962
147,0.5,0.5,0.25,0.683973023151,15.7319658006
148,0.4375,0.5625,-0.015873015873015872,1.73610416913,15.3330169893
149,0.65625,0.34375,0.30735930735930733,2.04314220733,15.4955163271
150,0.5625,0.4375,0.11111111111111116,3.11805084126,14.9480335393
151,0.75,0.25,0.33333333333333337,2.27600925903,15.783900111
152,0.53125,0.46875,-0.12941176470588234,1.99817515315,15.8915950864
153,0.59375,0.40625,-0.29554655870445357,1.49765094247,15.6883923349
154,0.5625,0.4375,-0.015873015873015844,3.09644774789,15.0877684953
155,0.625,0.375,-0.19999999999999996,0.619671740513,16.0513066853
156,0.5625,0.4375,-0.015873015873015844,3.47540965284,15.4447115021
157,0.65625,0.34375,-0.24675324675324684,0.699094872933,16.0315881379
158,0.53125,0.46875,-0.0039215686274509665,3.22864846444,14.8147461332
159,0.8125,0.1875,-0.23076923076923073,3.27257316197,15.7423125877
160,0.84375,0.15625,-0.18518518518518523,0.383866267806,16.4483556999
161,0.8125,0.1875,-0.23076923076923073,0.0491529342634,16.429809646
162,0.84375,0.15625,-0.18518518518518523,0.0940166976223,16.5850901911
163,0.78125,0.21875,-0.28,2.42879466536,15.7877594982
164,0.75,0.25,0.0,3.37839017447,15.5803990402
165,0.8125,0.1875,-0.02564102564102566,3.49790213062,15.4581879802
166,0.875,0.125,-0.1428571428571429,1.46209181725,16.5059137759
167,0.8125,0.1875,-0.02564102564102566,3.33143957015,16.0486086463
168,0.625,0.375,-0.4666666666666666,2.46615570622,15.5028096655
169,0.5625,0.4375,-0.39682539682539686,0.0311705188365,16.1766368549
170,0.71875,0.28125,-0.3913043478260869,1.15420830903,16.0482476009
171,0.625,0.375,-0.33333333333333337,2.95110158498,15.0444542303
172,0.71875,0.28125,-0.08212560386473433,2.78481992923,15.5005507619
173,0.625,0.375,-0.6,0.716409483897,15.9740610869
174,0.5625,0.4375,-0.2698412698412699,0.939311014437,15.8582176924
175,0.59375,0.40625,-0.5546558704453441,0.234334080059,16.1432949452
176,0.0625,0.9375,-0.06666666666666667,2.33213655894,15.1405255122
177,0.28125,0.71875,0.22705314009661837,1.22621566022,15.3308723705
178,0.1875,0.8125,-0.02564102564102566,0.376983798424,15.4630905978
179,0.125,0.875,0.14285714285714288,0.675854473567,15.3625397376
180,0.21875,0.78125,-0.09714285714285714,2.61156915137,14.8815167195
181,0.21875,0.78125,0.08571428571428569,1.27767284338,15.2946754301
182,0.09375,0.90625,-0.10344827586206896,3.44467782719,15.1074159586
183,0.3125,0.6875,0.12727272727272734,2.99795603587,15.0808222695
184,0.40625,0.59375,-0.4251012145748988,1.82995299197,15.2758231969
185,0.40625,0.59375,-0.29554655870445334,1.91421058054,15.2273754979
186,0.40625,0.59375,-0.554655870445344,0.721958426835,15.6278076868
187,0.4375,0.5625,-0.015873015873015872,0.372574424271,15.8540815454
188,0.46875,0.53125,-0.2549019607843138,1.32982414635,15.5105327015
189,0.5,0.5,-0.625,1.44347313624,15.4996245306
190,0.4375,0.5625,-0.5238095238095237,1.5264549874,15.4472800586
191,0.34375,0.65625,-0.3852813852813852,1.48185129974,15.3540700771
192,0.46875,0.53125,0.1215686274509804,0.577589972551,15.7615316839
193,0.28125,0.71875,0.22705314009661837,3.3217699921,15.0484564901
194,0.28125,0.71875,-0.23671497584541062,3.23812375781,14.8235077307
195,0.375,0.625,0.06666666666666674,0.655871993873,15.6557908805
196,0.625,0.375,-0.06666666666666665,3.43995240613,15.3424688418
197,0.375,0.625,0.33333333333333337,0.794253968323,15.7065567482
198,0.40625,0.59375,0.09311740890688258,2.59925310108,14.9354764379
199,0.28125,0.71875,0.3816425120772947,1.08339099004,15.4013288005
200,0.90625,0.09375,-0.10344827586206895,0.0452804046217,16.5990991955
201,0.875,0.125,0.1428571428571429,2.45951589887,16.420753219
202,0.90625,0.09375,-0.10344827586206895,2.15903495731,16.4568297048
203,0.9375,0.0625,-0.06666666666666665,2.20790543265,16.4956749819
204,0.9375,0.0625,-0.06666666666666665,2.6634096203,16.3565100812
205,1.0,0.0,0.0,0.148759659957,16.7436500702
206,0.90625,0.09375,-0.10344827586206895,1.3889259607,16.389411544
207,0.96875,0.03125,-0.032258064516129004,2.95693456676,16.5269441833
208,0.40625,0.59375,-0.554655870445344,3.20072325745,14.7009026524
209,0.46875,0.53125,-0.6313725490196078,0.406678955707,15.8884829055
210,0.46875,0.53125,-0.8823529411764706,0.707798049965,15.7863484051
211,0.53125,0.46875,-0.7568627450980392,1.06564562425,15.6996287564
212,0.46875,0.53125,-0.5058823529411766,1.38266763882,15.5286642462
213,0.5,0.5,-0.875,2.29293983377,15.1848896192
214,0.53125,0.46875,-0.38039215686274497,3.04401220576,14.9311595165
215,0.4375,0.5625,-0.6507936507936508,0.951975991881,15.5981614188
216,0.625,0.375,-0.4666666666666666,0.351742869059,16.1034503277
217,0.625,0.375,-0.4666666666666666,0.885401148371,15.9326871757
218,0.6875,0.3125,-0.4545454545454546,3.20431406614,15.2299176802
219,0.625,0.375,-0.6,2.42047195092,15.3151363698
220,0.65625,0.34375,-0.3852813852813852,2.69250384709,15.4719373134
221,0.6875,0.3125,-0.3090909090909091,2.31699581033,15.4810994639
222,0.6875,0.3125,-0.4545454545454546,2.86209160553,15.3480692185
223,0.78125,0.21875,-0.28,3.46240649521,15.4393144286
224,0.59375,0.40625,0.22267206477732793,1.45842984467,15.6542702482
225,0.65625,0.34375,-0.10822510822510822,1.20325255629,15.9096649131
226,0.75,0.25,0.0,1.86903914961,15.9682781463
227,0.625,0.375,0.06666666666666665,2.18025208588,15.3754425689
228,0.75,0.25,0.0,3.09414403993,15.5514635743
229,0.84375,0.15625,-0.18518518518518523,0.636365791587,16.4035561018
230,0.6875,0.3125,-0.16363636363636372,2.28313986049,15.9597641568
231,0.75,0.25,-0.33333333333333337,0.376985202804,16.3629523463
232,0.0625,0.9375,0.4666666666666667,3.05790546921,15.4496686903
233,0.21875,0.78125,0.26857142857142857,0.22176885305,15.5885739484
234,0.15625,0.84375,0.5259259259259259,0.981912724914,15.4132992576
235,0.0625,0.9375,-0.06666666666666667,0.890080336044,15.3012523298
236,0.03125,0.96875,-0.03225806451612903,0.185517795983,15.3490746697
237,0.03125,0.96875,-0.03225806451612903,2.09055844343,15.3087702345
238,0.09375,0.90625,0.264367816091954,3.42569103374,15.4231775817
239,0.0,1.0,0.0,2.54266645622,15.325141474
240,0.6875,0.3125,-0.4545454545454546,1.39074313601,15.9879962
241,0.6875,0.3125,-0.018181818181818188,2.46749897156,15.5099551043
242,0.59375,0.40625,-0.4251012145748988,1.62217238488,15.5869885358
243,0.53125,0.46875,-0.5058823529411764,0.829465310293,15.735701555
244,0.625,0.375,-0.33333333333333337,3.04870529961,15.0623776766
245,0.59375,0.40625,-0.036437246963562764,0.80800730479,15.8478458968
246,0.59375,0.40625,-0.29554655870445357,2.489005885,15.3660821647
247,0.53125,0.46875,-0.5058823529411764,0.530127042823,15.9521270729
248,0.34375,0.65625,-0.3852813852813852,3.28172242229,14.6200241489
249,0.46875,0.53125,-0.38039215686274513,0.937363311425,15.6648653203
250,0.28125,0.71875,-0.391304347826087,0.509128343516,15.5234960687
251,0.4375,0.5625,-0.14285714285714282,2.34048757618,15.1760147076
252,0.28125,0.71875,-0.08212560386473433,1.24805407906,15.3280844706
253,0.4375,0.5625,0.23809523809523814,2.27270525983,15.1982195676
254,0.375,0.625,-0.2,2.97271022167,14.761370466
255,0.40625,0.59375,-0.16599190283400805,1.5889890471,15.3254522462
256,0.125,0.875,0.4285714285714286,2.95418989948,14.9560648021
257,0.375,0.625,0.4666666666666667,2.05986899817,15.2562169452
258,0.25,0.75,0.33333333333333337,3.30177529024,14.7601441248
259,0.125,0.875,0.14285714285714288,1.9689006937,15.110276208
260,0.125,0.875,0.4285714285714286,2.41168505236,15.1288507534
261,0.1875,0.8125,0.17948717948717946,1.88221044584,15.3063971202
262,0.34375,0.65625,0.722943722943723,2.29248704189,15.0814607863
263,0.28125,0.71875,0.07246376811594199,0.557881731492,15.5153795072
264,0.40625,0.59375,-0.16599190283400805,0.445226527562,15.7605133734
265,0.5,0.5,-0.375,2.56672924083,15.0728335311
266,0.40625,0.59375,-0.6842105263157895,2.51530849227,14.9971633159
267,0.5,0.5,-0.25,2.59740726994,15.1138992959
268,0.40625,0.59375,-0.4251012145748988,2.65938127153,14.9142931866
269,0.5,0.5,-0.625,2.32137733584,15.1576470387
270,0.40625,0.59375,-0.29554655870445334,1.82378121546,15.2972373828
271,0.34375,0.65625,-0.24675324675324672,1.55678006107,15.3051166057
272,0.46875,0.53125,-0.5058823529411766,1.5687974687,15.4154751098
273,0.5,0.5,-0.25,1.6308525969,15.5067558471
274,0.4375,0.5625,-0.5238095238095237,3.03975650176,14.7747586053
275,0.40625,0.59375,-0.554655870445344,2.17475062677,15.1301019352
276,0.46875,0.53125,-0.38039215686274513,1.6725031001,15.4776104604
277,0.46875,0.53125,-0.6313725490196078,3.02060269458,14.8078229607
278,0.46875,0.53125,-0.5058823529411766,3.41103962161,14.6025246286
279,0.40625,0.59375,-0.554655870445344,1.96605387147,15.2030279944
280,0.34375,0.65625,-0.24675324675324672,1.04880566492,15.5749787346
281,0.40625,0.59375,-0.036437246963562736,0.611148098704,15.7072861634
282,0.34375,0.65625,-0.24675324675324672,0.269007970573,15.7486630332
283,0.375,0.625,-0.06666666666666674,0.563108853413,15.7361493947
284,0.375,0.625,-0.06666666666666674,0.970409480459,15.4874290287
285,0.34375,0.65625,-0.10822510822510822,0.23793127929,15.7719199652
286,0.46875,0.53125,0.1215686274509804,1.93069124925,15.718732913
287,0.40625,0.59375,-0.16599190283400805,1.0507822183,15.5657821967
288,0.59375,0.40625,0.6113360323886639,2.79058588209,15.3122166694
289,0.1875,0.8125,-0.02564102564102566,0.27483180212,15.5836853118
290,0.25,0.75,0.6666666666666666,2.43335175588,15.2669946898
291,0.625,0.375,0.19999999999999996,2.11156479837,15.3330331644
292,0.625,0.375,0.33333333333333326,2.78367982935,15.1076699162
293,0.53125,0.46875,0.4980392156862745,0.936759848092,15.6725721128
294,0.46875,0.53125,0.2470588235294117,0.996498646258,15.6416303372
295,0.5,0.5,0.5,3.3605882089,14.7741745964
296,0.46875,0.53125,0.1215686274509804,0.3523368037,15.8960998719
297,0.59375,0.40625,0.3522267206477733,1.56405514441,15.7734280221
298,0.59375,0.40625,-0.16599190283400808,1.88797494036,15.8653799636
299,0.375,0.625,-0.06666666666666674,2.38652316968,15.0050005098
300,0.46875,0.53125,0.1215686274509804,1.09697760572,15.8380934849
301,0.65625,0.34375,0.16883116883116892,3.1125189933,15.9197656672
302,0.53125,0.46875,-0.38039215686274497,0.425697353535,15.9898810552
303,0.53125,0.46875,-0.12941176470588234,0.189313565456,16.1171965555
304,0.34375,0.65625,0.5844155844155845,0.284190487321,15.6240914568
305,0.3125,0.6875,0.4181818181818181,0.168934955624,15.8194068491
306,0.21875,0.78125,0.08571428571428569,2.82206521649,14.9630675025
307,0.46875,0.53125,0.6235294117647059,0.158152243772,15.9276543237
308,0.4375,0.5625,0.6190476190476191,1.40961499107,15.9423948231
309,0.40625,0.59375,0.7408906882591093,3.29171601758,14.8751454557
310,0.15625,0.84375,0.05185185185185187,1.5468146336,15.2513082901
311,0.0625,0.9375,0.4666666666666667,3.30975288386,15.0437934619
312,0.3125,0.6875,0.4181818181818181,1.79693665834,15.2130823252
313,0.53125,0.46875,-0.12941176470588234,1.99684824326,15.3758143801
314,0.375,0.625,-0.06666666666666674,2.65566659973,15.0347921469
315,0.40625,0.59375,0.22267206477732793,2.99051301913,15.7941254833
316,0.46875,0.53125,-0.0039215686274509665,1.23674712572,15.5486779533
317,0.3125,0.6875,-0.01818181818181816,0.688890127166,15.5736400127
318,0.59375,0.40625,0.09311740890688255,1.35788347234,15.721240376
319,0.53125,0.46875,-0.12941176470588234,1.69798752063,15.4247017177
320,0.3125,0.6875,0.12727272727272734,0.819442658559,15.6192055664
321,0.21875,0.78125,0.08571428571428569,1.45520104831,15.2940579911
322,0.3125,0.6875,-0.16363636363636366,2.04952779852,15.1828386389
323,0.34375,0.65625,-0.10822510822510822,2.90026285719,14.8798971589
324,0.3125,0.6875,-0.30909090909090914,2.45290044756,14.9939818342
325,0.1875,0.8125,-0.23076923076923078,1.02747834184,15.3454901955
326,0.28125,0.71875,-0.08212560386473433,2.45319478207,15.1127190201
327,0.3125,0.6875,-0.01818181818181816,3.23002243455,14.7065436326
328,0.5,0.5,-0.125,1.59160358269,15.5054859885
329,0.40625,0.59375,-0.6842105263157895,2.71644545193,14.8953095211
330,0.5625,0.4375,-0.1428571428571429,3.16863339317,14.9818040964
331,0.46875,0.53125,-0.5058823529411766,0.288001523715,15.9355096897
332,0.40625,0.59375,-0.29554655870445334,1.56926588394,15.3176988631
333,0.53125,0.46875,-0.12941176470588234,0.63335925141,15.8870073237
334,0.53125,0.46875,-0.2549019607843137,2.64608140889,15.2737023935
335,0.59375,0.40625,0.09311740890688255,0.680957047299,15.8805527458
336,0.625,0.375,-0.33333333333333337,3.49565028304,14.8812804273
337,0.5625,0.4375,-0.1428571428571429,2.90810867773,15.0629704742
338,0.6875,0.3125,-0.3090909090909091,0.0727218269634,16.2834896401
339,0.53125,0.46875,-0.2549019607843137,0.955361994509,15.7022297494
340,0.53125,0.46875,-0.5058823529411764,1.96338891374,15.4316815126
341,0.6875,0.3125,-0.3090909090909091,3.36478905375,15.1804237002
342,0.5625,0.4375,-0.39682539682539686,1.55642877031,15.6379064354
343,0.59375,0.40625,-0.4251012145748988,0.700670872581,15.9533082933
344,0.09375,0.90625,0.264367816091954,0.951444409796,15.3356850717
345,0.09375,0.90625,-0.10344827586206896,2.58649114971,15.2264512665
346,0.1875,0.8125,-0.23076923076923078,2.75813832721,14.9975681108
347,0.03125,0.96875,-0.03225806451612903,0.0683801507554,15.3593787218
348,0.1875,0.8125,-0.02564102564102566,1.99910764609,15.0995904776
349,0.125,0.875,-0.14285714285714285,1.16333691917,15.2843423978
350,0.21875,0.78125,0.26857142857142857,0.293683152719,15.5706273842
351,0.15625,0.84375,0.2888888888888889,1.08460033462,15.3310028916
352,0.3125,0.6875,-0.01818181818181816,0.152204723342,15.7066960376
353,0.3125,0.6875,-0.01818181818181816,1.97117100012,15.2370533334
354,0.21875,0.78125,0.08571428571428569,0.407325290019,15.5530879135
355,0.34375,0.65625,0.30735930735930733,2.37709231157,15.1142377061
356,0.28125,0.71875,0.22705314009661837,0.253178506538,15.63196527
357,0.09375,0.90625,-0.10344827586206896,1.91793003624,15.1469964075
358,0.15625,0.84375,0.05185185185185187,3.03507739439,14.9824873516
359,0.15625,0.84375,0.2888888888888889,3.39149628257,14.7243103875
360,0.65625,0.34375,0.4458874458874459,1.84085787557,15.9285863421
361,0.625,0.375,0.6,2.37874611117,15.3603479899
362,0.34375,0.65625,0.4458874458874459,2.38605158799,15.3276146946
363,0.53125,0.46875,0.6235294117647059,2.92901677162,15.1024410243
364,0.34375,0.65625,0.16883116883116886,1.09974275151,15.5068862662
365,0.15625,0.84375,0.5259259259259259,0.938912071119,15.4376269459
366,0.40625,0.59375,0.48178137651821856,3.33433556451,14.7939906824
367,0.375,0.625,0.19999999999999998,2.74355423172,14.863631002
368,0.71875,0.28125,0.5362318840579711,2.71508534639,15.9688112016
369,0.78125,0.21875,0.26857142857142857,0.631594265097,16.2357775442
370,0.8125,0.1875,0.5897435897435899,0.439495840807,16.3684399262
371,0.5,0.5,0.0,1.59016949201,15.4350233109
372,0.71875,0.28125,0.22705314009661837,3.45035267037,15.1224413456
373,0.5625,0.4375,0.11111111111111116,2.70514041774,15.2773252982
374,0.875,0.125,0.1428571428571429,0.219652324284,16.6036745601
375,0.84375,0.15625,0.051851851851851816,2.36783779251,16.2557308686
376,0.59375,0.40625,-0.29554655870445357,0.684344498607,15.9721423265
377,0.59375,0.40625,0.22267206477732793,2.91792902693,15.5808931798
378,0.65625,0.34375,0.16883116883116892,1.01854087316,16.3001104238
379,0.46875,0.53125,-0.2549019607843138,3.22841611421,14.7356262025
380,0.53125,0.46875,-0.38039215686274497,2.62904944501,15.3705670242
381,0.71875,0.28125,-0.08212560386473433,2.98885799066,15.462769649
382,0.78125,0.21875,0.08571428571428574,2.90321447307,15.8808349382
383,0.71875,0.28125,-0.08212560386473433,2.63278110511,15.6716118597
384,0.1875,0.8125,-0.02564102564102566,0.431005154148,15.4697753235
385,0.375,0.625,-0.06666666666666674,2.17591363939,15.0677635412
386,0.28125,0.71875,-0.23671497584541062,3.20243605703,14.7660952352
387,0.34375,0.65625,-0.24675324675324672,3.31266103114,14.7506070445
388,0.375,0.625,-0.2,0.720456172098,15.6552763969
389,0.34375,0.65625,-0.5238095238095238,2.27222698375,15.1167082426
390,0.21875,0.78125,-0.28,2.34788729276,15.1206355319
391,0.375,0.625,-0.2,3.47033429024,14.6774373448
392,0.40625,0.59375,-0.29554655870445334,1.56939607802,15.3636162686
393,0.21875,0.78125,-0.28,0.222165429977,15.576673466
394,0.28125,0.71875,0.22705314009661837,1.90401605306,15.1599800261
395,0.25,0.75,0.0,0.0237080667168,15.757139666
396,0.4375,0.5625,-0.2698412698412699,1.08066570936,15.7453163985
397,0.28125,0.71875,0.22705314009661837,2.85205733247,14.8754767481
398,0.40625,0.59375,-0.036437246963562736,1.29217029298,15.5176105082
399,0.34375,0.65625,0.03030303030303036,1.63063499105,15.2670649899
400,0.4375,0.5625,-0.39682539682539686,2.33575198414,15.1174128938
401,0.4375,0.5625,-0.5238095238095237,1.49428755648,15.5009759447
402,0.4375,0.5625,-0.015873015873015872,0.354581933063,15.8120727426
403,0.4375,0.5625,-0.2698412698412699,1.97754029454,15.291791394
404,0.53125,0.46875,-0.38039215686274497,2.70173531679,15.0886656086
405,0.53125,0.46875,-0.5058823529411764,1.87555311694,15.4410653147
406,0.375,0.625,-0.33333333333333337,2.42794377635,15.1490502176
407,0.53125,0.46875,-0.2549019607843137,2.83978242566,15.1212491523
408,0.46875,0.53125,-0.12941176470588234,1.58931120611,15.3964407578
409,0.40625,0.59375,-0.4251012145748988,1.37167141617,15.4188791952
410,0.40625,0.59375,-0.29554655870445334,2.25560920162,15.0855676123
411,0.46875,0.53125,-0.2549019607843138,0.754050618547,15.7561029403
412,0.53125,0.46875,-0.2549019607843137,0.453186140756,15.9547420915
413,0.40625,0.59375,-0.4251012145748988,0.864163677398,15.6070087418
414,0.4375,0.5625,-0.2698412698412699,1.64574606159,15.3718586128
415,0.5,0.5,-0.375,1.23149739405,15.56802527
416,0.5625,0.4375,-0.1428571428571429,3.26789190845,14.8705911576
417,0.46875,0.53125,0.1215686274509804,0.21799981529,15.8334601293
418,0.46875,0.53125,0.2470588235294117,2.83610715759,14.7580748386
419,0.5625,0.4375,0.11111111111111116,1.85834837294,15.5317555536
420,0.59375,0.40625,-0.036437246963562764,2.50789550866,15.3040312538
421,0.59375,0.40625,0.09311740890688255,1.07254913788,15.8219964487
422,0.59375,0.40625,-0.036437246963562764,1.60814438561,15.5850022666
423,0.4375,0.5625,-0.015873015873015872,2.75319273605,14.996087814
424,0.71875,0.28125,0.07246376811594202,1.46133721889,16.0649752367
425,0.71875,0.28125,0.07246376811594202,2.97822697952,15.5074034701
426,0.75,0.25,0.16666666666666663,1.04716177297,16.2277074807
427,0.6875,0.3125,-0.018181818181818188,2.76466550851,15.5784411922
428,0.6875,0.3125,-0.018181818181818188,1.21591855005,16.0587891233
429,0.6875,0.3125,0.12727272727272734,0.121928460219,16.2881315619
430,0.59375,0.40625,0.22267206477732793,3.35922926731,14.9434251582
431,0.65625,0.34375,0.30735930735930733,2.4434528133,15.4153939208
432,0.53125,0.46875,-0.6313725490196078,0.112257242711,16.0826882161
433,0.4375,0.5625,-0.7777777777777778,3.22785296595,14.6672194521
434,0.46875,0.53125,-0.8823529411764706,2.97231950254,14.9065812638
435,0.53125,0.46875,-0.5058823529411764,1.05471218768,15.7693676874
436,0.4375,0.5625,-0.7777777777777778,2.76239418856,14.9922574991
437,0.40625,0.59375,-0.6842105263157895,2.23687292517,15.0597466447
438,0.46875,0.53125,-0.6313725490196078,1.7165804435,15.3660597974
439,0.4375,0.5625,-0.7777777777777778,1.97810120306,15.2192017956
440,0.375,0.625,-0.06666666666666674,1.88566747474,15.1630230549
441,0.375,0.625,-0.33333333333333337,2.22897074363,15.2720132085
442,0.375,0.625,-0.2,3.36845879119,14.6287449084
443,0.46875,0.53125,-0.38039215686274513,1.08673777953,15.5987151536
444,0.53125,0.46875,-0.2549019607843137,0.588233421371,15.9231027683
445,0.40625,0.59375,-0.16599190283400805,0.617244265254,15.7129248315
446,0.46875,0.53125,-0.2549019607843138,0.417768464482,15.9203802734
447,0.53125,0.46875,-0.12941176470588234,0.996179386339,15.764765071
448,0.5625,0.4375,-0.5238095238095238,0.979083013657,15.8295998731
449,0.5,0.5,-0.625,1.09039029807,15.690460492
450,0.53125,0.46875,-0.7568627450980392,1.41477406705,15.5685989217
451,0.4375,0.5625,-0.5238095238095237,1.03352403147,15.5640222001
452,0.46875,0.53125,-0.5058823529411766,2.52274638914,15.0535486938
453,0.375,0.625,-0.2,2.68345689931,15.1591467235
454,0.5,0.5,-0.625,1.58086617595,15.4566625938
455,0.40625,0.59375,-0.554655870445344,0.952825640073,15.5635806998
456,0.375,0.625,0.33333333333333337,2.25475111961,15.0572806551
457,0.34375,0.65625,0.03030303030303036,1.83423896127,15.1850388821
458,0.34375,0.65625,0.4458874458874459,2.47546639439,14.9541566653
459,0.25,0.75,0.5,0.641344536068,15.6145076497
460,0.40625,0.59375,0.09311740890688258,0.79434039675,15.6529789693
461,0.34375,0.65625,0.4458874458874459,0.742680527621,15.5828966809
462,0.40625,0.59375,-0.036437246963562736,3.22654891524,14.6739362254
463,0.375,0.625,0.33333333333333337,1.62704137682,15.2676738157
464,0.75,0.25,0.0,0.179849683101,16.333431216
465,0.59375,0.40625,0.09311740890688255,0.190201840373,16.1277419043
466,0.71875,0.28125,-0.08212560386473433,1.83158046139,15.6773132405
467,0.65625,0.34375,0.16883116883116892,0.764466894419,16.0553703066
468,0.71875,0.28125,0.07246376811594202,3.49287536067,15.2086108437
469,0.78125,0.21875,0.45142857142857135,1.05213078181,16.2405400355
470,0.8125,0.1875,-0.23076923076923073,1.26085739978,16.2273635355
471,0.78125,0.21875,-0.09714285714285707,2.55065567285,15.7877318538
472,0.90625,0.09375,-0.10344827586206895,1.07801599805,16.5429320292
473,0.84375,0.15625,0.051851851851851816,1.3991720586,16.2253225106
474,0.875,0.125,0.4285714285714286,1.80640731275,16.0875089085
475,0.78125,0.21875,0.26857142857142857,1.18030364633,16.0857318709
476,0.8125,0.1875,-0.02564102564102566,1.02672668271,16.3029840695
477,0.90625,0.09375,-0.10344827586206895,1.10989261293,16.5506287596
478,0.625,0.375,0.19999999999999996,2.30221115385,15.6623957249
479,0.8125,0.1875,-0.02564102564102566,0.632589761625,16.5169202638
480,0.25,0.75,0.33333333333333337,2.92004552538,15.177300818
481,0.5625,0.4375,0.365079365079365,0.586031939567,15.9793104365
482,0.65625,0.34375,0.30735930735930733,2.92014812473,16.4686431839
483,0.5,0.5,0.5,1.51116632302,15.7182950833
484,0.4375,0.5625,0.6190476190476191,1.06024149974,15.9609668898
485,0.65625,0.34375,0.4458874458874459,2.3101267429,15.5180640554
486,0.46875,0.53125,0.4980392156862744,3.20925930163,15.1363152861
487,0.375,0.625,0.4666666666666667,1.90601288396,16.0588197411
488,0.84375,0.15625,0.28888888888888886,2.53477568968,15.8270556006
489,0.53125,0.46875,0.37254901960784326,0.149369816187,15.9075661608
490,0.71875,0.28125,0.5362318840579711,3.12280498713,15.6819759495
491,0.53125,0.46875,0.4980392156862745,1.69953165171,15.384645837
492,0.75,0.25,0.5,1.00297450671,16.1768503717
493,0.78125,0.21875,0.26857142857142857,0.48532155682,16.31026398
494,0.78125,0.21875,0.45142857142857135,0.668561250795,16.3256693095
495,0.8125,0.1875,0.17948717948717954,0.165059400699,16.4238176301
496,0.375,0.625,-0.4666666666666667,1.78599540593,15.2375211042
497,0.4375,0.5625,-0.39682539682539686,0.827630932679,15.6810317169
498,0.3125,0.6875,-0.16363636363636366,2.82099777974,14.8261389373
499,0.40625,0.59375,-0.16599190283400805,1.30408065325,15.4087843444
500,0.3125,0.6875,-0.45454545454545453,1.63729917558,15.2138408219
501,0.40625,0.59375,-0.554655870445344,0.92336063377,15.6246268985
502,0.40625,0.59375,-0.4251012145748988,3.37495273918,14.7141989573
503,0.28125,0.71875,-0.23671497584541062,1.00977649846,15.4256869235
504,0.1875,0.8125,-0.23076923076923078,2.73482835705,14.9200817388
505,0.3125,0.6875,-0.30909090909090914,1.38108547498,15.3123613333
506,0.28125,0.71875,-0.23671497584541062,2.66113630607,14.9354702746
507,0.34375,0.65625,0.16883116883116886,1.70163356049,15.2382029966
508,0.125,0.875,0.14285714285714288,1.05423154179,15.3044011221
509,0.125,0.875,-0.14285714285714285,0.297947115542,15.4147539548
510,0.1875,0.8125,-0.02564102564102566,0.920030518721,15.3819581685
511,0.28125,0.71875,-0.08212560386473433,1.46151187685,15.3255125518
512,0.1875,0.8125,0.17948717948717946,1.89941858963,15.3744603197
513,0.09375,0.90625,-0.10344827586206896,2.49650623234,15.116748058
514,0.1875,0.8125,-0.23076923076923078,0.080297544868,15.5227242712
515,0.09375,0.90625,0.264367816091954,1.17888896146,15.2707964481
516,0.09375,0.90625,0.264367816091954,2.66536612418,15.0577073338
517,0.09375,0.90625,-0.10344827586206896,1.89563409492,15.2381049588
518,0.09375,0.90625,-0.10344827586206896,2.87639668431,15.0505618697
519,0.21875,0.78125,-0.09714285714285714,3.28311486365,14.7048365673
520,0.4375,0.5625,-0.6507936507936508,1.7656723967,15.3081817098
521,0.5,0.5,-0.625,0.513327170846,15.9033828321
522,0.5,0.5,-0.875,1.35372550232,15.6115114113
523,0.5,0.5,-0.75,2.51573068394,15.0819344135
524,0.5,0.5,-0.625,1.47166698217,15.5078623338
525,0.5,0.5,-0.875,3.35888863347,14.7771396539
526,0.46875,0.53125,-0.7568627450980392,0.362001409037,15.8379502797
527,0.5,0.5,-0.625,2.26881029681,15.2017642869
528,0.53125,0.46875,-0.7568627450980392,0.107920805899,16.0565039147
529,0.53125,0.46875,-0.5058823529411764,1.17792416954,15.606335384
530,0.46875,0.53125,-0.5058823529411766,0.074782369616,15.9719330864
531,0.40625,0.59375,-0.554655870445344,3.2720362686,14.7210987236
532,0.5,0.5,-0.5,1.09716868948,15.682668131
533,0.40625,0.59375,-0.4251012145748988,0.591449955422,15.7806133321
534,0.46875,0.53125,-0.2549019607843138,0.562883722575,15.8455031556
535,0.4375,0.5625,-0.5238095238095237,0.105093639816,15.9504949103
536,0.3125,0.6875,0.2727272727272727,3.282890167,14.6746656985
537,0.34375,0.65625,0.4458874458874459,1.49240186848,15.9056727501
538,0.1875,0.8125,0.17948717948717946,1.43760687245,15.2245947354
539,0.375,0.625,0.4666666666666667,0.679086240494,15.5711087793
540,0.375,0.625,0.19999999999999998,2.59811530794,14.8953639503
541,0.53125,0.46875,0.4980392156862745,2.08422185902,15.397039941
542,0.34375,0.65625,0.30735930735930733,1.99493974646,15.1551862776
543,0.375,0.625,0.33333333333333337,1.51697513629,15.3978954247
544,0.75,0.25,0.5,0.978262754943,16.505805823
545,0.59375,0.40625,0.3522267206477733,0.259228940382,15.9467499159
546,0.75,0.25,0.6666666666666666,1.34898334447,16.1084490637
547,0.59375,0.40625,0.3522267206477733,0.600867437155,16.4173399208
548,0.78125,0.21875,-0.09714285714285707,2.13993126918,15.8662243496
549,0.59375,0.40625,0.7408906882591093,1.11605016194,16.2431053825
550,0.875,0.125,0.1428571428571429,0.354454375766,16.543140086
551,0.59375,0.40625,0.48178137651821856,2.06440401228,15.323161672
552,0.125,0.875,-0.14285714285714285,2.90261777386,14.9421581627
553,0.0625,0.9375,-0.06666666666666667,2.36817677168,15.1339372246
554,0.1875,0.8125,-0.02564102564102566,3.30179374999,14.8164464646
555,0.09375,0.90625,-0.10344827586206896,0.486574938879,15.3385379326
556,0.15625,0.84375,-0.18518518518518517,1.06045404591,15.3420976518
557,0.03125,0.96875,-0.03225806451612903,2.4057465281,15.3383921663
558,0.09375,0.90625,-0.10344827586206896,1.57239892608,15.2026872799
559,0.09375,0.90625,-0.10344827586206896,1.61262874878,15.2328867063
560,0.3125,0.6875,0.12727272727272734,1.28009085959,15.366522212
561,0.5,0.5,0.125,3.40278475173,15.0067690685
562,0.40625,0.59375,0.22267206477732793,3.08661252898,15.1436445407
563,0.3125,0.6875,0.12727272727272734,3.01488175267,14.8080245674
564,0.3125,0.6875,-0.01818181818181816,1.41193728278,15.3675303816
565,0.34375,0.65625,0.30735930735930733,2.7112757698,14.9094514305
566,0.28125,0.71875,0.07246376811594199,2.00442320234,15.0932834162
567,0.375,0.625,-0.06666666666666674,2.22206498997,15.0891883134
568,0.5,0.5,0.25,1.96855294623,15.3502292392
569,0.125,0.875,0.4285714285714286,1.55009423031,15.22227948
570,0.40625,0.59375,0.3522267206477734,2.03073452714,15.3315859664
571,0.28125,0.71875,0.07246376811594199,2.48965793164,14.9387763655
572,0.28125,0.71875,0.22705314009661837,2.68147330213,14.8449321302
573,0.53125,0.46875,-0.0039215686274509665,1.71068087398,15.5128664466
574,0.4375,0.5625,0.11111111111111113,0.264665878352,15.8461661595
575,0.5625,0.4375,0.365079365079365,0.524252864565,15.831150214
576,0.09375,0.90625,0.264367816091954,0.485054842099,15.3568806343
577,0.15625,0.84375,0.5259259259259259,0.823400618566,15.5235586019
578,0.40625,0.59375,0.611336032388664,1.12860609793,15.5762970736
579,0.59375,0.40625,0.3522267206477733,1.44084244007,15.8604624246
580,0.6875,0.3125,0.5636363636363636,1.05208201604,15.7073493165
581,0.28125,0.71875,0.536231884057971,0.417831765931,15.6821428831
582,0.28125,0.71875,0.536231884057971,1.4603177013,15.3191123196
583,0.875,0.125,0.4285714285714286,2.23957136886,16.2044686945
584,0.40625,0.59375,-0.16599190283400805,2.47797506141,15.0344603842
585,0.34375,0.65625,-0.3852813852813852,1.97923158854,15.2037539762
586,0.21875,0.78125,-0.09714285714285714,2.49438541841,15.0041070664
587,0.4375,0.5625,-0.2698412698412699,2.68864937271,15.0137944137
588,0.40625,0.59375,-0.4251012145748988,2.65553055403,14.9206330896
589,0.375,0.625,-0.33333333333333337,2.89878943274,14.8268413384
590,0.375,0.625,-0.33333333333333337,0.303450984019,15.8309038584
591,0.34375,0.65625,-0.24675324675324672,1.4771960238,15.4037205054
592,0.34375,0.65625,-0.3852813852813852,2.23658646197,15.0610429581
593,0.4375,0.5625,-0.2698412698412699,2.17111866263,15.1470387949
594,0.5,0.5,-0.375,1.32024421946,15.5576653879
595,0.375,0.625,0.06666666666666674,3.3464530167,14.8691843651
596,0.40625,0.59375,-0.554655870445344,2.12495853447,15.2063417649
597,0.46875,0.53125,-0.38039215686274513,0.142125887837,15.9965521626
598,0.5625,0.4375,-0.5238095238095238,2.52764032615,15.2534927455
599,0.4375,0.5625,-0.6507936507936508,0.0883950097331,15.9797598614
600,0.9375,0.0625,-0.06666666666666665,1.13726904457,16.5147793083
601,0.90625,0.09375,-0.10344827586206895,1.9883401946,16.4820343609
602,0.84375,0.15625,-0.18518518518518523,3.41157786764,15.9264812006
603,0.84375,0.15625,0.051851851851851816,0.267968800135,16.5564028886
604,0.96875,0.03125,-0.032258064516129004,3.30898195092,16.4185083866
605,0.875,0.125,-0.1428571428571429,0.982144870337,16.4289478831
606,0.90625,0.09375,-0.10344827586206895,0.519493312039,16.5266858259
607,0.90625,0.09375,0.26436781609195403,1.13646861942,16.477242476
608,0.3125,0.6875,0.2727272727272727,0.46550035202,15.6465588283
609,0.28125,0.71875,0.3816425120772947,2.36558224017,15.8124052946
610,0.53125,0.46875,0.4980392156862745,1.55968135701,15.3588883766
611,0.65625,0.34375,0.4458874458874459,2.92942033939,15.2752350883
612,0.8125,0.1875,0.17948717948717954,3.43551330041,15.5537480928
613,0.5625,0.4375,0.4920634920634921,1.54012829585,15.5828678889
614,0.4375,0.5625,0.4920634920634921,0.313221291075,15.902662383
615,0.65625,0.34375,0.7229437229437229,0.0368843737576,16.2602315464
616,0.71875,0.28125,0.3816425120772947,0.324083376001,16.2884802954
617,0.625,0.375,0.6,1.66357144517,15.9247186239
618,0.6875,0.3125,0.2727272727272727,0.306720035948,16.2939888266
619,0.875,0.125,-0.1428571428571429,1.06447876386,16.5021362952
620,0.8125,0.1875,0.17948717948717954,2.72814082242,16.1603564933
621,0.625,0.375,0.4666666666666668,1.30683655846,15.9203350561
622,0.59375,0.40625,0.48178137651821856,1.81282378484,15.9381826158
623,0.75,0.25,0.5,3.46144985104,15.3498868015
624,0.0625,0.9375,-0.06666666666666667,3.27452247931,15.1551964292
625,0.09375,0.90625,-0.10344827586206896,2.25637373761,15.14842712
626,0.1875,0.8125,-0.23076923076923078,0.131411775419,15.4874161287
627,0.1875,0.8125,-0.02564102564102566,2.08314190865,15.1589038542
628,0.3125,0.6875,-0.01818181818181816,0.344983969036,15.5765968738
629,0.15625,0.84375,-0.18518518518518517,3.16675979038,14.9626879034
630,0.125,0.875,0.4285714285714286,1.94671351092,15.210836282
631,0.1875,0.8125,-0.02564102564102566,1.16528413222,15.3126508917
632,0.34375,0.65625,-0.24675324675324672,0.568754273563,15.5787946482
633,0.5,0.5,-0.25,3.01688069876,15.1183418882
634,0.375,0.625,0.19999999999999998,1.02286373673,15.529353978
635,0.375,0.625,-0.06666666666666674,3.24183835916,14.8807175156
636,0.46875,0.53125,-0.0039215686274509665,1.64424805231,15.5090868535
637,0.46875,0.53125,-0.12941176470588234,3.26315845043,14.672525166
638,0.4375,0.5625,-0.2698412698412699,0.950765072333,15.6149229207
639,0.40625,0.59375,-0.16599190283400805,2.24824398132,15.124331503
640,0.59375,0.40625,-0.29554655870445357,2.85164449356,15.451241691
641,0.46875,0.53125,-0.5058823529411766,0.235238040444,15.9922457345
642,0.375,0.625,-0.33333333333333337,0.926530365768,15.5156836477
643,0.4375,0.5625,-0.6507936507936508,2.88583156287,14.8265759463
644,0.4375,0.5625,-0.015873015873015872,1.82582996897,15.2762675078
645,0.53125,0.46875,-0.5058823529411764,1.22026549619,15.6515158011
646,0.4375,0.5625,-0.5238095238095237,2.38723239974,15.1198288873
647,0.46875,0.53125,-0.5058823529411766,1.11047485854,15.6181891653
648,0.59375,0.40625,0.09311740890688255,1.38489171994,15.8081303435
649,0.59375,0.40625,0.09311740890688255,1.71964605085,15.5783078655
650,0.625,0.375,0.06666666666666665,3.11161870465,15.4227731186
651,0.75,0.25,0.33333333333333337,1.21461799433,15.9704654658
652,0.65625,0.34375,0.030303030303030276,1.90459566338,15.5736656521
653,0.625,0.375,0.19999999999999996,1.06039580795,15.8672024652
654,0.75,0.25,0.16666666666666663,1.13218937232,16.1071350397
655,0.625,0.375,0.06666666666666665,2.63882925157,15.3567853796
656,0.34375,0.65625,-0.3852813852813852,0.685400018648,15.5905224077
657,0.4375,0.5625,-0.015873015873015872,2.49326743259,15.132207355
658,0.46875,0.53125,-0.6313725490196078,1.27859827226,15.6284574943
659,0.40625,0.59375,-0.4251012145748988,1.27637260367,15.5751591194
660,0.4375,0.5625,-0.2698412698412699,0.633779459756,15.7452352288
661,0.3125,0.6875,-0.30909090909090914,0.218601482992,15.747821803
662,0.3125,0.6875,-0.30909090909090914,2.18292266353,15.0314976084
663,0.40625,0.59375,-0.4251012145748988,0.283358952691,15.820101168
664,0.65625,0.34375,-0.24675324675324684,1.23342117294,15.7736866396
665,0.53125,0.46875,-0.2549019607843137,0.677154083139,15.7961302408
666,0.5625,0.4375,-0.39682539682539686,1.07430851272,15.7432408816
667,0.46875,0.53125,-0.2549019607843138,2.27613901,15.0939010525
668,0.4375,0.5625,-0.6507936507936508,0.241764793448,15.9177937943
669,0.5625,0.4375,-0.1428571428571429,0.0849336846167,16.1169310252
670,0.4375,0.5625,-0.2698412698412699,0.014783075146,15.9504375718
671,0.4375,0.5625,-0.2698412698412699,3.37228178468,14.7905651623
672,0.125,0.875,0.14285714285714288,3.1554132155,14.9742979972
673,0.25,0.75,0.16666666666666666,2.47620587395,15.0384908264
674,0.1875,0.8125,-0.02564102564102566,3.19878483078,14.82613167
675,0.25,0.75,0.16666666666666666,2.10691824814,15.0700614833
676,0.21875,0.78125,0.26857142857142857,2.75070083743,15.2382559126
677,0.28125,0.71875,0.07246376811594199,0.40735706989,15.5583539556
678,0.125,0.875,0.14285714285714288,0.934919945116,15.3716005619
679,0.125,0.875,-0.14285714285714285,1.38378995535,15.2445004238
680,0.59375,0.40625,-0.5546558704453441,0.604899881275,15.9909044294
681,0.53125,0.46875,-0.5058823529411764,1.98746130752,15.3796572259
682,0.625,0.375,-0.4666666666666666,0.731840800186,16.018342905
683,0.5,0.5,-0.625,2.26671030286,15.2158170007
684,0.46875,0.53125,-0.2549019607843138,2.48482041371,15.0509505115
685,0.5,0.5,-0.5,3.45217750501,14.6629347863
686,0.46875,0.53125,-0.5058823529411766,2.44427052728,15.1545404454
687,0.5625,0.4375,-0.39682539682539686,2.06941838345,15.4138717793
688,0.4375,0.5625,-0.2698412698412699,0.813042475754,15.64686325
689,0.46875,0.53125,-0.2549019607843138,0.671966819038,15.7453143883
690,0.46875,0.53125,-0.7568627450980392,2.89516241699,14.9073090819
691,0.46875,0.53125,-0.2549019607843138,2.97058197718,15.1008835944
692,0.5,0.5,-0.5,1.95618412824,15.3034554146
693,0.375,0.625,-0.4666666666666667,2.2435431713,15.0742150864
694,0.4375,0.5625,-0.6507936507936508,2.4104456042,15.3181839359
695,0.375,0.625,-0.06666666666666674,1.98502041337,15.2590705716
696,0.75,0.25,0.33333333333333337,1.14111604458,16.0625309575
697,0.84375,0.15625,-0.18518518518518523,0.368379858605,16.3845247556
698,0.8125,0.1875,0.5897435897435899,1.26792777435,16.1816281713
699,0.5625,0.4375,0.23809523809523805,0.58971271419,15.9055731529
700,0.78125,0.21875,0.45142857142857135,1.35923826202,16.2325471546
701,0.71875,0.28125,0.3816425120772947,3.34650897795,15.0632892424
702,0.71875,0.28125,0.5362318840579711,2.80882104186,16.25818087
703,0.90625,0.09375,-0.10344827586206895,0.332539448652,16.6211184787
704,0.9375,0.0625,-0.06666666666666665,1.72755129035,16.4800316572
705,0.8125,0.1875,-0.23076923076923073,0.753537578352,16.3839427974
706,1.0,0.0,0.0,0.745314063086,16.7300655478
707,0.875,0.125,-0.1428571428571429,2.35529357032,16.1179774749
708,0.875,0.125,-0.1428571428571429,0.264664285899,16.5858411002
709,0.71875,0.28125,0.07246376811594202,2.29881261754,15.9650332879
710,0.75,0.25,-0.16666666666666663,3.16068293475,15.5339942374
711,0.84375,0.15625,-0.18518518518518523,0.221816437992,16.4511102617
712,0.625,0.375,-0.33333333333333337,1.73670285998,15.7326309671
713,0.65625,0.34375,-0.5238095238095238,2.35210040334,15.8478029569
714,0.5625,0.4375,-0.6507936507936508,0.307629159771,15.9876398127
715,0.5,0.5,-0.5,1.94774342138,15.3189171113
716,0.53125,0.46875,-0.38039215686274497,2.83848755003,15.0593963391
717,0.65625,0.34375,-0.24675324675324684,2.27465137059,15.4478620919
718,0.5625,0.4375,-0.2698412698412699,0.964485835677,15.8426902584
719,0.5625,0.4375,-0.1428571428571429,0.267478416124,16.0554817016
720,0.09375,0.90625,0.264367816091954,1.82081359184,15.4947393917
721,0.4375,0.5625,0.4920634920634921,0.398391690693,15.7447130063
722,0.34375,0.65625,0.5844155844155845,0.0309330796561,15.8730018369
723,0.09375,0.90625,0.264367816091954,1.02566644798,15.3267196297
724,0.125,0.875,0.4285714285714286,0.468294129242,15.4683234936
725,0.15625,0.84375,-0.18518518518518517,3.19951046984,14.9974026566
726,0.3125,0.6875,0.4181818181818181,2.81953319126,14.8245819728
727,0.21875,0.78125,0.45142857142857135,1.67595158923,15.9173494074
728,0.3125,0.6875,0.2727272727272727,1.89530375913,15.6523763858
729,0.09375,0.90625,-0.10344827586206896,2.15324522749,15.1053495196
730,0.21875,0.78125,0.08571428571428569,1.56822772333,15.215275157
731,0.1875,0.8125,0.17948717948717946,1.12414954331,15.3229824285
732,0.09375,0.90625,-0.10344827586206896,0.709597742702,15.3513140588
733,0.09375,0.90625,-0.10344827586206896,3.35002195732,14.8876327127
734,0.25,0.75,0.16666666666666666,3.24473259934,14.7306819102
735,0.15625,0.84375,0.05185185185185187,2.55984564124,15.317622461
736,0.4375,0.5625,-0.5238095238095237,0.375048108484,15.7435127718
737,0.4375,0.5625,-0.6507936507936508,3.3441012963,14.6966929308
738,0.4375,0.5625,-0.6507936507936508,0.192452848159,15.8858502542
739,0.40625,0.59375,-0.554655870445344,1.71537711613,15.2818832228
740,0.46875,0.53125,-0.7568627450980392,1.95558560167,15.4160033789
741,0.46875,0.53125,-0.7568627450980392,2.90693225962,14.8757860282
742,0.46875,0.53125,-0.38039215686274513,1.81853513013,15.4180011763
743,0.46875,0.53125,-0.7568627450980392,2.59391022229,15.130011146
744,0.28125,0.71875,-0.23671497584541062,1.4542758182,15.3060461278
745,0.15625,0.84375,-0.18518518518518517,0.658658142001,15.4014229018
746,0.34375,0.65625,-0.3852813852813852,0.985488530323,15.5300978781
747,0.125,0.875,-0.14285714285714285,0.126925924412,15.4133041324
748,0.28125,0.71875,-0.23671497584541062,1.19628058472,15.3713521171
749,0.34375,0.65625,-0.3852813852813852,2.39572332358,14.9898006464
750,0.25,0.75,-0.1666666666666667,2.47356160625,14.9984852207
751,0.3125,0.6875,-0.01818181818181816,2.50015547949,15.1286222674
752,0.375,0.625,0.19999999999999998,2.96759212627,15.2648596272
753,0.53125,0.46875,0.37254901960784326,1.2102794798,15.9673451122
754,0.53125,0.46875,-0.0039215686274509665,1.91948023695,15.4606991113
755,0.34375,0.65625,0.30735930735930733,2.79541489116,15.3314691521
756,0.625,0.375,0.33333333333333326,1.97949933742,15.4243310246
757,0.5625,0.4375,0.365079365079365,1.61964764635,15.6014391313
758,0.5625,0.4375,0.6190476190476191,0.179299566609,16.2061721956
759,0.40625,0.59375,0.3522267206477734,1.62736672004,15.3290362381
760,0.84375,0.15625,0.051851851851851816,3.16839912818,16.4129678612
761,0.90625,0.09375,-0.10344827586206895,1.88114778102,16.520629308
762,0.78125,0.21875,0.45142857142857135,1.48357604303,16.3111549852
763,0.90625,0.09375,0.26436781609195403,0.820571959474,16.5228719693
764,0.78125,0.21875,0.45142857142857135,1.20217587666,16.3215697382
765,0.90625,0.09375,0.26436781609195403,0.83217254582,16.4310071938
766,0.9375,0.0625,-0.06666666666666665,3.2481130078,16.1374066241
767,0.84375,0.15625,0.28888888888888886,2.4407452505,16.1394719571
768,0.53125,0.46875,-0.12941176470588234,2.12730256206,15.3615434667
769,0.5625,0.4375,-0.1428571428571429,0.885373990834,15.7664064654
770,0.625,0.375,-0.4666666666666666,0.0426170025627,16.2548883931
771,0.5,0.5,-0.125,2.67996684341,15.0705060383
772,0.625,0.375,-0.19999999999999996,1.69160868627,15.6675735541
773,0.5625,0.4375,-0.2698412698412699,0.145543544288,16.0691052311
774,0.625,0.375,0.06666666666666665,1.73090388542,15.6618308126
775,0.5625,0.4375,-0.1428571428571429,1.31049701267,15.6940606187
776,0.5625,0.4375,-0.2698412698412699,0.199132287937,16.0579636809
777,0.6875,0.3125,-0.16363636363636372,2.75353168494,15.4033467555
778,0.625,0.375,0.06666666666666665,0.701514578911,16.0262964464
779,0.625,0.375,-0.33333333333333337,3.33214227089,14.9830587713
780,0.65625,0.34375,-0.3852813852813852,2.61513723628,15.3035385374
781,0.6875,0.3125,0.12727272727272734,0.411474688529,16.2822014345
782,0.5,0.5,0.0,2.00692598029,15.4225103653
783,0.5,0.5,-0.25,2.59489270103,15.1255659303
784,0.125,0.875,-0.14285714285714285,0.160204880301,15.5899241292
785,0.15625,0.84375,-0.18518518518518517,1.32646629119,15.2880615821
786,0.15625,0.84375,0.05185185185185187,0.384004033034,15.5002362032
787,0.21875,0.78125,-0.09714285714285714,0.0479544242845,15.6015066671
788,0.25,0.75,0.0,3.28911329172,14.7151385373
789,0.09375,0.90625,-0.10344827586206896,1.73641112946,15.2903712029
790,0.09375,0.90625,0.264367816091954,1.22282695135,15.2855203353
791,0.15625,0.84375,-0.18518518518518517,2.02252701939,15.1284672196
792,0.46875,0.53125,-0.0039215686274509665,1.2269392443,15.5444674058
793,0.4375,0.5625,0.23809523809523814,1.01622983893,15.7928714482
794,0.625,0.375,-0.06666666666666665,3.03845607389,15.1003461789
795,0.59375,0.40625,0.22267206477732793,1.70420993321,15.65245304
796,0.5625,0.4375,-0.1428571428571429,1.34402871326,15.7478467394
797,0.65625,0.34375,-0.24675324675324684,1.91591255585,15.7052355653
798,0.4375,0.5625,-0.14285714285714282,3.09212653169,14.7490608024
799,0.625,0.375,0.06666666666666665,1.4300658021,15.703809237
800,0.46875,0.53125,-0.12941176470588234,2.81196009796,14.8186967883
801,0.4375,0.5625,-0.14285714285714282,1.87727752401,15.2659530466
802,0.40625,0.59375,-0.16599190283400805,1.41259096226,15.4833855822
803,0.34375,0.65625,-0.10822510822510822,2.82787301381,14.9243328608
804,0.46875,0.53125,-0.6313725490196078,0.613287058893,15.7705740247
805,0.34375,0.65625,0.03030303030303036,1.09334210473,15.4712716516
806,0.4375,0.5625,-0.14285714285714282,0.859151047626,15.6748070569
807,0.375,0.625,-0.06666666666666674,0.621433268861,15.6476509594
808,0.75,0.25,-0.16666666666666663,0.409432858518,16.2614712259
809,0.59375,0.40625,-0.29554655870445357,1.50190086487,15.6915731815
810,0.65625,0.34375,-0.10822510822510822,1.51335828556,15.7906966719
811,0.65625,0.34375,-0.24675324675324684,2.47461375773,15.511695502
812,0.59375,0.40625,-0.036437246963562764,2.45295212326,15.2401330099
813,0.6875,0.3125,-0.3090909090909091,1.74601242991,15.7813373542
814,0.71875,0.28125,-0.23671497584541057,3.1516779514,15.6153496566
815,0.625,0.375,-0.19999999999999996,0.0836432810652,16.2010690118
816,0.5,0.5,0.25,3.37032402867,15.0925289774
817,0.6875,0.3125,0.4181818181818182,0.587427355812,16.0949651218
818,0.625,0.375,0.33333333333333326,2.51537492061,15.5898732881
819,0.65625,0.34375,0.030303030303030276,2.33242393781,15.4578778487
820,0.625,0.375,0.06666666666666665,2.98897870289,15.1027266064
821,0.65625,0.34375,0.030303030303030276,2.45173910447,15.5609401452
822,0.5625,0.4375,0.23809523809523805,3.46598348612,14.9266694015
823,0.59375,0.40625,-0.036437246963562764,1.80033480148,15.5578086052
824,0.4375,0.5625,-0.2698412698412699,0.638480331331,15.7648057413
825,0.40625,0.59375,0.09311740890688258,2.48277700564,15.0075571454
826,0.53125,0.46875,-0.38039215686274497,2.56791462101,15.12488688
827,0.5,0.5,-0.125,0.156138330079,16.0751232319
828,0.25,0.75,-0.3333333333333333,0.595681191305,15.5207832696
829,0.5625,0.4375,-0.39682539682539686,2.85403246392,15.1807708445
830,0.46875,0.53125,-0.38039215686274513,0.123799356478,16.0196416916
831,0.34375,0.65625,-0.10822510822510822,0.580545613709,15.8163923786
832,0.25,0.75,-0.1666666666666667,1.48507404138,15.2451043523
833,0.15625,0.84375,0.2888888888888889,1.56279359064,15.222727713
834,0.21875,0.78125,-0.09714285714285714,3.28178364172,14.8805767676
835,0.125,0.875,-0.14285714285714285,0.773373330116,15.4731962374
836,0.25,0.75,0.0,2.33536739117,15.3210040561
837,0.25,0.75,-0.3333333333333333,0.630674473454,15.5048566131
838,0.21875,0.78125,-0.28,2.77797768311,14.8191448791
839,0.28125,0.71875,-0.23671497584541062,2.90297236407,14.8686772849
840,0.6875,0.3125,-0.16363636363636372,1.299475401,15.9150300217
841,0.8125,0.1875,-0.02564102564102566,0.319924009035,16.450015469
842,0.6875,0.3125,-0.16363636363636372,3.42525626696,15.2419879213
843,0.5,0.5,-0.125,2.79100824467,14.8942317027
844,0.75,0.25,0.0,2.6833529224,15.6264545618
845,0.65625,0.34375,-0.10822510822510822,1.16153000119,15.8149443065
846,0.65625,0.34375,0.30735930735930733,1.65632954746,15.7248150624
847,0.59375,0.40625,-0.16599190283400808,2.95090419254,15.1084878719
848,0.5,0.5,-0.25,1.72232841002,15.3550858673
849,0.4375,0.5625,0.11111111111111113,3.36410420581,14.8486896758
850,0.53125,0.46875,-0.12941176470588234,0.961999439607,15.7908874013
851,0.5625,0.4375,-0.1428571428571429,0.81013124893,15.9064478263
852,0.5625,0.4375,-0.1428571428571429,0.324366245804,15.9728631959
853,0.53125,0.46875,0.1215686274509804,2.58513978099,15.2105696989
854,0.59375,0.40625,-0.16599190283400808,3.17021799906,15.124362269
855,0.5625,0.4375,-0.2698412698412699,2.18870016128,15.3608189394
856,0.28125,0.71875,-0.23671497584541062,1.24248221246,15.3677043252
857,0.34375,0.65625,0.03030303030303036,1.80409891018,15.1872079447
858,0.375,0.625,-0.4666666666666667,2.06621796283,15.0989737138
859,0.25,0.75,-0.3333333333333333,1.83002417149,15.2354431526
860,0.375,0.625,-0.4666666666666667,2.33403857577,15.0213133992
861,0.1875,0.8125,-0.23076923076923078,2.10147666854,15.1679586009
862,0.28125,0.71875,-0.23671497584541062,0.44749693787,15.5910713126
863,0.34375,0.65625,-0.3852813852813852,1.78788335778,15.2380601786
864,0.34375,0.65625,-0.24675324675324672,1.52543913181,15.3233942214
865,0.4375,0.5625,-0.2698412698412699,2.83439741352,14.883864514
866,0.46875,0.53125,-0.6313725490196078,2.10370799052,15.197486435
867,0.59375,0.40625,-0.036437246963562764,2.06633659495,15.394477347
868,0.40625,0.59375,-0.29554655870445334,3.43868984994,14.5766866619
869,0.375,0.625,-0.4666666666666667,0.0709828819595,15.8410534307
870,0.46875,0.53125,-0.38039215686274513,2.84544603759,14.9093523814
871,0.40625,0.59375,-0.554655870445344,0.481317743608,15.7076017383
872,0.75,0.25,-0.16666666666666663,2.30410463461,15.7034924163
873,0.8125,0.1875,0.17948717948717954,0.855203323541,16.4082331138
874,0.78125,0.21875,-0.09714285714285707,3.48482506219,15.3959811275
875,0.71875,0.28125,-0.08212560386473433,3.15448065188,15.5844334317
876,0.71875,0.28125,-0.08212560386473433,1.09667214835,16.0308119977
877,0.9375,0.0625,-0.06666666666666665,0.809657677986,16.5420353886
878,0.71875,0.28125,-0.08212560386473433,1.54867063295,16.0539229411
879,0.84375,0.15625,0.051851851851851816,1.190522241,16.4717621837
880,0.5,0.5,0.5,3.24963698564,14.9117141511
881,0.21875,0.78125,0.08571428571428569,2.12501599024,15.1869053187
882,0.3125,0.6875,0.4181818181818181,3.34513723942,14.7989237708
883,0.25,0.75,0.16666666666666666,0.0290333407345,15.8155406213
884,0.375,0.625,0.06666666666666674,0.917814502114,15.635234835
885,0.3125,0.6875,0.4181818181818181,2.66188763426,15.248065336
886,0.28125,0.71875,0.536231884057971,0.210793997746,15.6443454269
887,0.65625,0.34375,0.5844155844155844,0.853658717818,15.9662408977
888,0.4375,0.5625,-0.5238095238095237,0.321789834755,15.8024071567
889,0.375,0.625,-0.4666666666666667,1.23415111549,15.4355601185
890,0.5625,0.4375,-0.5238095238095238,1.29891170267,15.7365274137
891,0.40625,0.59375,-0.554655870445344,2.91164030158,14.8468618277
892,0.46875,0.53125,-0.5058823529411766,3.1485799387,14.787614875
893,0.40625,0.59375,-0.4251012145748988,0.0396509913516,15.8977186456
894,0.40625,0.59375,-0.554655870445344,0.45986677063,15.7190464094
895,0.4375,0.5625,-0.6507936507936508,2.7757027097,14.8905057923
896,0.1875,0.8125,0.17948717948717946,0.0821140108079,15.722924409
897,0.125,0.875,0.4285714285714286,2.070451191,15.1341493906
898,0.5,0.5,0.375,2.05622644351,15.5934942153
899,0.40625,0.59375,0.3522267206477734,3.22840012733,14.7878805513
900,0.5625,0.4375,0.4920634920634921,0.93264296166,15.8458478943
901,0.28125,0.71875,0.3816425120772947,1.90156042496,15.5869453227
902,0.5625,0.4375,0.6190476190476191,2.83777889906,15.5045400185
903,0.59375,0.40625,0.48178137651821856,2.10799069233,15.5876176741
904,0.46875,0.53125,-0.38039215686274513,0.694514175375,15.796378337
905,0.40625,0.59375,-0.29554655870445334,0.894304750564,15.7917062372
906,0.5,0.5,-0.25,2.39774673018,15.1548316712
907,0.625,0.375,-0.19999999999999996,1.1204821551,15.8327617181
908,0.4375,0.5625,-0.39682539682539686,0.284557191452,15.8009172965
909,0.59375,0.40625,-0.16599190283400808,0.255353420404,16.1516252153
910,0.46875,0.53125,-0.2549019607843138,1.04873417783,15.7236949816
911,0.59375,0.40625,-0.29554655870445357,0.872793131049,15.8338649137
912,0.46875,0.53125,0.4980392156862744,3.16765634795,15.838138909
913,0.4375,0.5625,0.11111111111111113,1.48405224185,15.4403174577
914,0.625,0.375,0.33333333333333326,1.70664138309,15.6426913227
915,0.53125,0.46875,-0.12941176470588234,0.903852345111,15.7670117287
916,0.625,0.375,0.19999999999999996,0.17078092001,16.1215052991
917,0.625,0.375,-0.06666666666666665,1.82257121757,15.7811453674
918,0.5,0.5,0.125,0.110219286107,16.1282438068
919,0.75,0.25,0.0,3.19608980211,15.5007362452
920,0.53125,0.46875,-0.6313725490196078,0.848205695578,15.8462892544
921,0.53125,0.46875,-0.6313725490196078,0.882581529817,15.7635193052
922,0.4375,0.5625,-0.5238095238095237,2.68641542651,14.9112173893
923,0.53125,0.46875,-0.6313725490196078,2.25655802595,15.3028169653
924,0.5625,0.4375,-0.5238095238095238,2.9195606565,15.0714147043
925,0.4375,0.5625,-0.6507936507936508,1.67319356683,15.3031055386
926,0.53125,0.46875,-0.6313725490196078,0.323522185397,15.9888448023
927,0.46875,0.53125,-0.5058823529411766,1.46314841472,15.4830698764
928,0.78125,0.21875,0.08571428571428574,0.400353984589,16.3775190621
929,0.59375,0.40625,-0.036437246963562764,3.25494062091,15.1294158322
930,0.71875,0.28125,0.22705314009661837,2.33225703689,15.8096847311
931,0.6875,0.3125,0.2727272727272727,2.13089059923,15.7246284224
932,0.78125,0.21875,0.08571428571428574,0.760708590803,16.3033110093
933,0.6875,0.3125,0.12727272727272734,2.95917569547,15.4290011803
934,0.6875,0.3125,-0.018181818181818188,0.143298398024,16.2526046371
935,0.71875,0.28125,0.07246376811594202,1.30682388068,16.1531195407
936,0.5625,0.4375,-0.1428571428571429,2.33306146293,15.255467917
937,0.75,0.25,-0.16666666666666663,2.48086573305,15.918102989
938,0.65625,0.34375,-0.24675324675324684,1.0513704534,15.856450567
939,0.75,0.25,0.0,2.83096000423,15.4569958991
940,0.6875,0.3125,-0.3090909090909091,1.12875464217,15.9622547669
941,0.53125,0.46875,-0.2549019607843137,3.40643455244,14.7687773062
942,0.65625,0.34375,0.030303030303030276,3.33964943559,15.1545675931
943,0.625,0.375,0.06666666666666665,1.54966421858,15.6864078187
944,0.4375,0.5625,0.3650793650793651,2.97198353099,14.8548419894
945,0.40625,0.59375,0.09311740890688258,0.496580803904,15.7717881927
946,0.4375,0.5625,0.11111111111111113,1.24790294419,15.7302659687
947,0.46875,0.53125,0.37254901960784303,0.549359443006,15.8381927209
948,0.5625,0.4375,-0.1428571428571429,0.829202703418,15.8101854207
949,0.53125,0.46875,0.1215686274509804,2.75945834238,14.9996525778
950,0.5,0.5,-0.25,2.83998120207,14.9255766932
951,0.4375,0.5625,-0.015873015873015872,0.785092559622,15.7422969217
952,0.625,0.375,-0.06666666666666665,2.15706511595,15.5604583131
953,0.625,0.375,-0.4666666666666666,1.84968327298,15.5967755954
954,0.65625,0.34375,-0.24675324675324684,0.303979917756,16.2442522156
955,0.6875,0.3125,-0.3090909090909091,2.11890353856,15.6727284631
956,0.5625,0.4375,-0.1428571428571429,1.34207166583,15.6160559932
957,0.5,0.5,-0.25,3.35333553426,14.8150861845
958,0.6875,0.3125,-0.16363636363636372,0.398013968048,16.269979335
959,0.625,0.375,-0.4666666666666666,3.07105964196,15.0687779077
960,0.59375,0.40625,-0.29554655870445357,0.883764247813,15.9148732691
961,0.53125,0.46875,-0.5058823529411764,2.49538861745,15.1275048294
962,0.5625,0.4375,-0.5238095238095238,1.72857619903,15.5560811814
963,0.59375,0.40625,-0.16599190283400808,0.0649268116918,16.1066201761
964,0.5625,0.4375,-0.5238095238095238,1.37554281006,15.6301727657
965,0.6875,0.3125,-0.3090909090909091,1.0263098556,15.9451802519
966,0.71875,0.28125,-0.23671497584541057,3.11223849346,15.4322770348
967,0.65625,0.34375,-0.3852813852813852,2.72557146787,15.3896231313
968,0.1875,0.8125,-0.02564102564102566,0.145470271511,15.4636296786
969,0.1875,0.8125,-0.23076923076923078,0.897581059509,15.4105608792
970,0.125,0.875,-0.14285714285714285,2.45629153786,15.4036967257
971,0.21875,0.78125,-0.09714285714285714,1.41324803738,15.2844820407
972,0.34375,0.65625,-0.3852813852813852,2.9442426237,14.8076996351
973,0.3125,0.6875,-0.45454545454545453,0.892577433505,15.4925588922
974,0.0625,0.9375,-0.06666666666666667,2.7018376785,15.0820241788
975,0.1875,0.8125,-0.02564102564102566,1.40241895596,15.2709867608
976,0.3125,0.6875,-0.16363636363636366,1.28406366851,15.3582846986
977,0.34375,0.65625,-0.10822510822510822,0.101924971669,15.8044435702
978,0.3125,0.6875,-0.01818181818181816,1.81219388393,15.205846057
979,0.3125,0.6875,-0.16363636363636366,1.30284189004,15.4110879625
980,0.21875,0.78125,-0.09714285714285714,1.17289085466,15.3188081245
981,0.25,0.75,-0.1666666666666667,2.54525707661,14.9203575658
982,0.28125,0.71875,-0.23671497584541062,3.17008959352,14.9932635084
983,0.34375,0.65625,-0.10822510822510822,0.445058194389,15.7199041454
984,0.625,0.375,-0.33333333333333337,3.02184295059,15.1671841321
985,0.59375,0.40625,-0.5546558704453441,0.316123423889,16.0664083901
986,0.625,0.375,-0.4666666666666666,2.53777972395,15.3248605909
987,0.65625,0.34375,-0.5238095238095238,0.0602197207199,16.2703705027
988,0.65625,0.34375,-0.3852813852813852,0.361947325217,16.1485670842
989,0.65625,0.34375,-0.24675324675324684,2.76883933794,15.289488722
990,0.59375,0.40625,-0.4251012145748988,2.14835942224,15.4577855182
991,0.5625,0.4375,-0.5238095238095238,2.17181839216,15.427144354
992,0.375,0.625,-0.33333333333333337,0.949762916146,15.5757046913
993,0.375,0.625,0.06666666666666674,2.45111480868,14.9867401213
994,0.5,0.5,-0.25,1.39031050576,15.5768122668
995,0.21875,0.78125,0.26857142857142857,1.49014440634,15.2361720212
996,0.4375,0.5625,-0.015873015873015872,1.63898098228,15.3782204119
997,0.28125,0.71875,-0.23671497584541062,2.52694950564,14.9272433216
998,0.28125,0.71875,-0.08212560386473433,0.0820202379327,15.7021665478
999,0.46875,0.53125,-0.2549019607843138,2.65678467543,15.0437487841
1000,0.46875,0.53125,-0.6313725490196078,0.530101156799,15.8034941484
1001,0.40625,0.59375,-0.036437246963562736,1.10237582826,15.5313427229
1002,0.5,0.5,-0.375,1.90181558998,15.3292396536
1003,0.5625,0.4375,-0.39682539682539686,1.39994176602,15.8061891082
1004,0.59375,0.40625,-0.4251012145748988,0.658491850176,16.1210325742
1005,0.53125,0.46875,-0.6313725490196078,2.78417456285,15.0522920549
1006,0.5,0.5,-0.5,2.16186102758,15.2611331019
1007,0.5,0.5,-0.375,1.67574733418,15.3762966997
1008,0.59375,0.40625,-0.4251012145748988,1.61998509035,15.5770937514
1009,0.5625,0.4375,-0.39682539682539686,3.26245712597,14.8829206989
1010,0.46875,0.53125,-0.5058823529411766,0.64328301254,15.8166376215
1011,0.65625,0.34375,-0.24675324675324684,2.16500376303,15.6935439811
1012,0.59375,0.40625,-0.4251012145748988,2.06407412242,15.4153517083
1013,0.53125,0.46875,-0.2549019607843137,2.50821874537,15.4708391734
1014,0.5625,0.4375,-0.2698412698412699,1.42945509204,15.6377502402
1015,0.5625,0.4375,-0.015873015873015844,2.37464140879,15.3785619922
1016,0.75,0.25,0.0,1.70462729205,16.0155960303
1017,0.84375,0.15625,0.28888888888888886,1.19446826732,16.7311485159
1018,0.71875,0.28125,0.22705314009661837,3.17871153752,15.3796240082
1019,0.90625,0.09375,-0.10344827586206895,0.307907549891,16.5197689866
1020,0.875,0.125,0.1428571428571429,1.1223577607,16.4899487012
1021,0.9375,0.0625,-0.06666666666666665,2.24830093988,16.5582057341
1022,0.84375,0.15625,0.28888888888888886,0.369505140453,16.4557355
1023,0.75,0.25,0.16666666666666663,0.543725372214,16.2936663221
1024,0.53125,0.46875,0.24705882352941178,2.88182393591,15.151335376
1025,0.34375,0.65625,0.16883116883116886,2.19918288409,15.1285018387
1026,0.3125,0.6875,-0.16363636363636366,2.7700901981,14.8354307655
1027,0.375,0.625,-0.06666666666666674,3.18678445321,15.250084888
1028,0.375,0.625,0.06666666666666674,3.24664040536,14.7056272721
1029,0.3125,0.6875,-0.16363636363636366,0.578044848335,15.6665558384
1030,0.28125,0.71875,-0.23671497584541062,2.67114948486,14.8809881639
1031,0.375,0.625,-0.2,0.228549185855,15.8912655748
1032,0.6875,0.3125,0.12727272727272734,1.37048183313,15.8835654794
1033,0.6875,0.3125,0.2727272727272727,1.72367905575,15.7517129001
1034,0.4375,0.5625,0.6190476190476191,1.34384133231,16.2665221007
1035,0.4375,0.5625,-0.015873015873015872,1.34957588905,15.7982379432
1036,0.59375,0.40625,0.3522267206477733,1.12095839358,15.6726185748
1037,0.78125,0.21875,0.08571428571428574,0.811193515892,16.2960006926
1038,0.6875,0.3125,0.5636363636363636,1.1425084531,16.1305446653
1039,0.5625,0.4375,0.23809523809523805,3.11822066957,14.8724428007
1040,0.875,0.125,-0.1428571428571429,2.00562937111,16.3621473529
1041,0.78125,0.21875,0.26857142857142857,0.141937369796,16.3667672103
1042,0.84375,0.15625,0.5259259259259259,1.79956086437,16.4405054116
1043,1.0,0.0,0.0,3.49278803557,16.7223745366
1044,0.5625,0.4375,0.365079365079365,1.658824884,15.591189784
1045,0.875,0.125,-0.1428571428571429,3.39135725727,16.0271210622
1046,0.625,0.375,0.6,0.744126682869,16.1087698848
1047,0.71875,0.28125,0.3816425120772947,0.827242743286,16.1319563615
1048,0.5,0.5,-0.875,0.341288502826,15.9481509068
1049,0.4375,0.5625,-0.5238095238095237,0.150286080943,15.9745393778
1050,0.4375,0.5625,-0.2698412698412699,2.99341130791,14.9391580052
1051,0.5625,0.4375,-0.5238095238095238,0.743586916127,15.8919646249
1052,0.5,0.5,-0.75,1.38301596757,15.5690888184
1053,0.53125,0.46875,-0.38039215686274497,0.754031503748,15.9126251425
1054,0.4375,0.5625,-0.5238095238095237,0.158535579873,15.8437628839
1055,0.59375,0.40625,-0.16599190283400808,0.696789342481,15.9400645986
1056,0.8125,0.1875,-0.02564102564102566,0.0622542738639,16.4404044917
1057,0.75,0.25,0.33333333333333337,2.27735626293,15.8060550311
1058,0.78125,0.21875,-0.09714285714285707,0.396429894514,16.3583748606
1059,0.84375,0.15625,0.051851851851851816,0.654124536902,16.4056558536
1060,0.84375,0.15625,0.051851851851851816,0.980670664213,16.5731055433
1061,0.84375,0.15625,-0.18518518518518523,3.09867127536,16.0097614117
1062,0.71875,0.28125,-0.23671497584541057,2.32907648718,15.9236630826
1063,0.71875,0.28125,-0.08212560386473433,0.420046918454,16.3113151974
1064,0.6875,0.3125,-0.018181818181818188,1.63903675099,15.7357292836
1065,0.5,0.5,0.125,0.731665789677,16.1150948328
1066,0.5,0.5,-0.125,0.439653163515,15.9360843079
1067,0.71875,0.28125,0.3816425120772947,2.1384974069,16.2731212606
1068,0.625,0.375,-0.19999999999999996,2.78615156393,15.3148168986
1069,0.625,0.375,-0.19999999999999996,0.203668285833,16.1146565372
1070,0.75,0.25,0.0,2.61854649217,15.8554937477
1071,0.53125,0.46875,-0.12941176470588234,0.711198563333,15.8846491286
1072,0.4375,0.5625,-0.015873015873015872,1.75836422018,15.3555604425
1073,0.28125,0.71875,0.22705314009661837,0.503514634337,15.5041051507
1074,0.4375,0.5625,0.11111111111111113,1.12018245604,15.5972673493
1075,0.46875,0.53125,0.37254901960784303,0.335992924576,15.8708437278
1076,0.375,0.625,-0.2,1.80831640593,15.2049120135
1077,0.46875,0.53125,0.2470588235294117,1.09653596437,15.7173787507
1078,0.40625,0.59375,0.48178137651821856,3.21563861322,14.9515239251
1079,0.53125,0.46875,0.1215686274509804,3.3887501903,14.9379636967
1080,0.4375,0.5625,-0.39682539682539686,0.0918951867173,15.9501976371
1081,0.5,0.5,-0.375,1.18546022588,15.7101775221
1082,0.4375,0.5625,-0.2698412698412699,1.14538278345,15.5864219913
1083,0.5625,0.4375,-0.39682539682539686,2.337617474,15.4554452022
1084,0.46875,0.53125,-0.6313725490196078,3.35048295146,14.7204817967
1085,0.40625,0.59375,-0.554655870445344,0.207116595542,15.8347084526
1086,0.4375,0.5625,-0.6507936507936508,0.0788502213343,15.9360802567
1087,0.5,0.5,-0.625,2.3181685726,15.260262555
1088,0.46875,0.53125,-0.2549019607843138,1.04211508901,15.7222310945
1089,0.375,0.625,-0.06666666666666674,3.04381987854,14.9046156215
1090,0.25,0.75,-0.1666666666666667,0.438859361824,15.601169031
1091,0.5,0.5,0.0,3.27089936444,14.9377045897
1092,0.34375,0.65625,0.16883116883116886,0.775216015001,15.5563886357
1093,0.28125,0.71875,0.07246376811594199,1.451903134,15.3075800452
1094,0.34375,0.65625,0.03030303030303036,2.11179223356,15.182793517
1095,0.3125,0.6875,-0.45454545454545453,1.84378541041,15.1369666123
1096,0.78125,0.21875,-0.28,2.35162707712,15.9306727161
1097,0.53125,0.46875,-0.12941176470588234,0.0302607115794,16.1748132431
1098,0.6875,0.3125,-0.16363636363636372,2.3048146102,15.7105142472
1099,0.5625,0.4375,-0.1428571428571429,2.09686314234,15.4344911977
1100,0.78125,0.21875,0.08571428571428574,2.51775286619,15.6604780978
1101,0.625,0.375,0.06666666666666665,2.80886829375,15.2448108073
1102,0.5,0.5,0.0,0.0923476747421,15.9509335932
1103,0.625,0.375,-0.06666666666666665,3.4036782446,14.8436263334
1104,0.40625,0.59375,0.09311740890688258,1.50394271027,15.3124468864
1105,0.53125,0.46875,-0.0039215686274509665,0.814893175815,15.8134095539
1106,0.53125,0.46875,-0.0039215686274509665,2.69503884904,15.1531331291
1107,0.59375,0.40625,-0.036437246963562764,0.383065167771,16.1293415186
1108,0.40625,0.59375,0.22267206477732793,3.17891961067,14.7205303084
1109,0.59375,0.40625,0.09311740890688255,0.763849838461,15.9191369569
1110,0.5625,0.4375,0.11111111111111116,1.40299822191,15.5879632432
1111,0.3125,0.6875,0.12727272727272734,1.31802926487,15.6348694583
1112,0.28125,0.71875,0.07246376811594199,2.66704294196,14.9936171336
1113,0.3125,0.6875,-0.30909090909090914,1.68711662064,15.2833421613
1114,0.25,0.75,-0.1666666666666667,2.72416484374,14.8612303165
1115,0.28125,0.71875,0.3816425120772947,1.47341493718,15.5898602416
1116,0.375,0.625,0.06666666666666674,3.27713746692,14.6333896594
1117,0.34375,0.65625,0.03030303030303036,2.71837629756,14.9009441748
1118,0.4375,0.5625,-0.015873015873015872,0.0695903791139,15.9847833935
1119,0.375,0.625,0.19999999999999998,3.38182228195,14.6215913514
